BEGIN TRANSACTION;

DELETE FROM world_cup_player_stats;
DELETE FROM world_cup_matches;
DELETE FROM world_cup_group_standings;
DELETE FROM world_cups;
DELETE FROM match_squad;
DELETE FROM match_stats;
DELETE FROM matches;
DELETE FROM team_rivals;
DELETE FROM team_history;
DELETE FROM team_players;
DELETE FROM team_stats;
DELETE FROM teams;

INSERT INTO teams (teamId, name, groupName, footballAssociation, rating, coach, captain, strategy, formation) VALUES
  ('smk01', 'Fictional FC 01', 'A', 'AFC', 75, 'Coach 01', 'Captain T01', 'ATTACK', '4-3-3'),
  ('smk02', 'Fictional FC 02', 'B', 'CAF', 82, 'Coach 02', 'Captain T02', 'DEFENSE', '4-4-2'),
  ('smk03', 'Fictional FC 03', 'C', 'CONCACAF', 89, 'Coach 03', 'Captain T03', 'PENALTIES', '4-2-3-1'),
  ('smk04', 'Fictional FC 04', 'D', 'CONMEBOL', 68, 'Coach 04', 'Captain T04', 'COUNTER_ATTACK', '3-5-2'),
  ('smk05', 'Fictional FC 05', 'E', 'OFC', 75, 'Coach 05', 'Captain T05', 'BALANCED', '4-1-4-1'),
  ('smk06', 'Fictional FC 06', 'F', 'UEFA', 82, 'Coach 06', 'Captain T06', 'POSSESSION', '3-4-3'),
  ('smk07', 'Fictional FC 07', 'G', 'AFC', 89, 'Coach 07', 'Captain T07', 'ATTACK', '4-3-3'),
  ('smk08', 'Fictional FC 08', 'H', 'CAF', 68, 'Coach 08', 'Captain T08', 'DEFENSE', '4-4-2'),
  ('smk09', 'Fictional FC 09', 'I', 'CONCACAF', 75, 'Coach 09', 'Captain T09', 'PENALTIES', '4-2-3-1'),
  ('smk10', 'Fictional FC 10', 'J', 'CONMEBOL', 82, 'Coach 10', 'Captain T10', 'COUNTER_ATTACK', '3-5-2'),
  ('smk11', 'Fictional FC 11', 'K', 'OFC', 89, 'Coach 11', 'Captain T11', 'BALANCED', '4-1-4-1'),
  ('smk12', 'Fictional FC 12', 'L', 'UEFA', 68, 'Coach 12', 'Captain T12', 'POSSESSION', '3-4-3'),
  ('smk13', 'Fictional FC 13', 'A', 'AFC', 75, 'Coach 13', 'Captain T13', 'ATTACK', '4-3-3'),
  ('smk14', 'Fictional FC 14', 'B', 'CAF', 82, 'Coach 14', 'Captain T14', 'DEFENSE', '4-4-2'),
  ('smk15', 'Fictional FC 15', 'C', 'CONCACAF', 89, 'Coach 15', 'Captain T15', 'PENALTIES', '4-2-3-1'),
  ('smk16', 'Fictional FC 16', 'D', 'CONMEBOL', 68, 'Coach 16', 'Captain T16', 'COUNTER_ATTACK', '3-5-2'),
  ('smk17', 'Fictional FC 17', 'E', 'OFC', 75, 'Coach 17', 'Captain T17', 'BALANCED', '4-1-4-1'),
  ('smk18', 'Fictional FC 18', 'F', 'UEFA', 82, 'Coach 18', 'Captain T18', 'POSSESSION', '3-4-3'),
  ('smk19', 'Fictional FC 19', 'G', 'AFC', 89, 'Coach 19', 'Captain T19', 'ATTACK', '4-3-3'),
  ('smk20', 'Fictional FC 20', 'H', 'CAF', 68, 'Coach 20', 'Captain T20', 'DEFENSE', '4-4-2'),
  ('smk21', 'Fictional FC 21', 'I', 'CONCACAF', 75, 'Coach 21', 'Captain T21', 'PENALTIES', '4-2-3-1'),
  ('smk22', 'Fictional FC 22', 'J', 'CONMEBOL', 82, 'Coach 22', 'Captain T22', 'COUNTER_ATTACK', '3-5-2'),
  ('smk23', 'Fictional FC 23', 'K', 'OFC', 89, 'Coach 23', 'Captain T23', 'BALANCED', '4-1-4-1'),
  ('smk24', 'Fictional FC 24', 'L', 'UEFA', 68, 'Coach 24', 'Captain T24', 'POSSESSION', '3-4-3'),
  ('smk25', 'Fictional FC 25', 'A', 'AFC', 75, 'Coach 25', 'Captain T25', 'ATTACK', '4-3-3'),
  ('smk26', 'Fictional FC 26', 'B', 'CAF', 82, 'Coach 26', 'Captain T26', 'DEFENSE', '4-4-2'),
  ('smk27', 'Fictional FC 27', 'C', 'CONCACAF', 89, 'Coach 27', 'Captain T27', 'PENALTIES', '4-2-3-1'),
  ('smk28', 'Fictional FC 28', 'D', 'CONMEBOL', 68, 'Coach 28', 'Captain T28', 'COUNTER_ATTACK', '3-5-2'),
  ('smk29', 'Fictional FC 29', 'E', 'OFC', 75, 'Coach 29', 'Captain T29', 'BALANCED', '4-1-4-1'),
  ('smk30', 'Fictional FC 30', 'F', 'UEFA', 82, 'Coach 30', 'Captain T30', 'POSSESSION', '3-4-3'),
  ('smk31', 'Fictional FC 31', 'G', 'AFC', 89, 'Coach 31', 'Captain T31', 'ATTACK', '4-3-3'),
  ('smk32', 'Fictional FC 32', 'H', 'CAF', 68, 'Coach 32', 'Captain T32', 'DEFENSE', '4-4-2'),
  ('smk33', 'Fictional FC 33', 'I', 'CONCACAF', 75, 'Coach 33', 'Captain T33', 'PENALTIES', '4-2-3-1'),
  ('smk34', 'Fictional FC 34', 'J', 'CONMEBOL', 82, 'Coach 34', 'Captain T34', 'COUNTER_ATTACK', '3-5-2'),
  ('smk35', 'Fictional FC 35', 'K', 'OFC', 89, 'Coach 35', 'Captain T35', 'BALANCED', '4-1-4-1'),
  ('smk36', 'Fictional FC 36', 'L', 'UEFA', 68, 'Coach 36', 'Captain T36', 'POSSESSION', '3-4-3'),
  ('smk37', 'Fictional FC 37', 'A', 'AFC', 75, 'Coach 37', 'Captain T37', 'ATTACK', '4-3-3'),
  ('smk38', 'Fictional FC 38', 'B', 'CAF', 82, 'Coach 38', 'Captain T38', 'DEFENSE', '4-4-2'),
  ('smk39', 'Fictional FC 39', 'C', 'CONCACAF', 89, 'Coach 39', 'Captain T39', 'PENALTIES', '4-2-3-1'),
  ('smk40', 'Fictional FC 40', 'D', 'CONMEBOL', 68, 'Coach 40', 'Captain T40', 'COUNTER_ATTACK', '3-5-2'),
  ('smk41', 'Fictional FC 41', 'E', 'OFC', 75, 'Coach 41', 'Captain T41', 'BALANCED', '4-1-4-1'),
  ('smk42', 'Fictional FC 42', 'F', 'UEFA', 82, 'Coach 42', 'Captain T42', 'POSSESSION', '3-4-3'),
  ('smk43', 'Fictional FC 43', 'G', 'AFC', 89, 'Coach 43', 'Captain T43', 'ATTACK', '4-3-3'),
  ('smk44', 'Fictional FC 44', 'H', 'CAF', 68, 'Coach 44', 'Captain T44', 'DEFENSE', '4-4-2'),
  ('smk45', 'Fictional FC 45', 'I', 'CONCACAF', 75, 'Coach 45', 'Captain T45', 'PENALTIES', '4-2-3-1'),
  ('smk46', 'Fictional FC 46', 'J', 'CONMEBOL', 82, 'Coach 46', 'Captain T46', 'COUNTER_ATTACK', '3-5-2'),
  ('smk47', 'Fictional FC 47', 'K', 'OFC', 89, 'Coach 47', 'Captain T47', 'BALANCED', '4-1-4-1'),
  ('smk48', 'Fictional FC 48', 'L', 'UEFA', 68, 'Coach 48', 'Captain T48', 'POSSESSION', '3-4-3');

INSERT INTO team_stats (teamId, attack, defense, midfield, overall) VALUES
  ('smk01', 70, 72, 71, 71),
  ('smk02', 76, 78, 77, 77),
  ('smk03', 82, 79, 83, 81),
  ('smk04', 88, 85, 84, 85),
  ('smk05', 89, 91, 90, 90),
  ('smk06', 65, 67, 66, 66),
  ('smk07', 71, 73, 72, 72),
  ('smk08', 77, 74, 78, 76),
  ('smk09', 83, 80, 79, 80),
  ('smk10', 84, 86, 85, 85),
  ('smk11', 90, 92, 91, 91),
  ('smk12', 66, 68, 67, 67),
  ('smk13', 72, 69, 73, 71),
  ('smk14', 78, 75, 74, 75),
  ('smk15', 79, 81, 80, 80),
  ('smk16', 85, 87, 86, 86),
  ('smk17', 91, 93, 92, 92),
  ('smk18', 67, 64, 68, 66),
  ('smk19', 73, 70, 69, 70),
  ('smk20', 74, 76, 75, 75),
  ('smk21', 80, 82, 81, 81),
  ('smk22', 86, 88, 87, 87),
  ('smk23', 92, 89, 93, 91),
  ('smk24', 68, 65, 64, 65),
  ('smk25', 69, 71, 70, 70),
  ('smk26', 75, 77, 76, 76),
  ('smk27', 81, 83, 82, 82),
  ('smk28', 87, 84, 88, 86),
  ('smk29', 93, 90, 89, 90),
  ('smk30', 64, 66, 65, 65),
  ('smk31', 70, 72, 71, 71),
  ('smk32', 76, 78, 77, 77),
  ('smk33', 82, 79, 83, 81),
  ('smk34', 88, 85, 84, 85),
  ('smk35', 89, 91, 90, 90),
  ('smk36', 65, 67, 66, 66),
  ('smk37', 71, 73, 72, 72),
  ('smk38', 77, 74, 78, 76),
  ('smk39', 83, 80, 79, 80),
  ('smk40', 84, 86, 85, 85),
  ('smk41', 90, 92, 91, 91),
  ('smk42', 66, 68, 67, 67),
  ('smk43', 72, 69, 73, 71),
  ('smk44', 78, 75, 74, 75),
  ('smk45', 79, 81, 80, 80),
  ('smk46', 85, 87, 86, 86),
  ('smk47', 91, 93, 92, 92),
  ('smk48', 67, 64, 68, 66);

INSERT INTO team_players (playerId, teamId, name, position, skill, attack, defense, energy) VALUES
  ('ply_smk01_01', 'smk01', 'Keeper T01', 'GK', 69, 67, 67, 73),
  ('ply_smk01_02', 'smk01', 'Captain T01', 'FW', 72, 72, 71, 75),
  ('ply_smk01_03', 'smk01', 'Defender A T01', 'DF', 75, 77, 75, 77),
  ('ply_smk01_04', 'smk01', 'Defender B T01', 'DF', 78, 82, 79, 79),
  ('ply_smk01_05', 'smk01', 'Defender C T01', 'DF', 81, 87, 83, 81),
  ('ply_smk01_06', 'smk01', 'Midfielder A T01', 'MF', 84, 92, 87, 83),
  ('ply_smk01_07', 'smk01', 'Midfielder B T01', 'MF', 87, 62, 91, 85),
  ('ply_smk01_08', 'smk01', 'Midfielder C T01', 'MF', 90, 67, 60, 87),
  ('ply_smk01_09', 'smk01', 'Forward A T01', 'FW', 93, 72, 64, 89),
  ('ply_smk01_10', 'smk01', 'Forward B T01', 'FW', 66, 77, 68, 91),
  ('ply_smk01_11', 'smk01', 'Forward C T01', 'FW', 69, 82, 72, 93),
  ('ply_smk01_12', 'smk01', 'Reserve Keeper T01', 'GK', 72, 87, 76, 95),
  ('ply_smk02_01', 'smk02', 'Keeper T02', 'GK', 70, 69, 70, 74),
  ('ply_smk02_02', 'smk02', 'Captain T02', 'FW', 73, 74, 74, 76),
  ('ply_smk02_03', 'smk02', 'Defender A T02', 'DF', 76, 79, 78, 78),
  ('ply_smk02_04', 'smk02', 'Defender B T02', 'DF', 79, 84, 82, 80),
  ('ply_smk02_05', 'smk02', 'Defender C T02', 'DF', 82, 89, 86, 82),
  ('ply_smk02_06', 'smk02', 'Midfielder A T02', 'MF', 85, 94, 90, 84),
  ('ply_smk02_07', 'smk02', 'Midfielder B T02', 'MF', 88, 64, 94, 86),
  ('ply_smk02_08', 'smk02', 'Midfielder C T02', 'MF', 91, 69, 63, 88),
  ('ply_smk02_09', 'smk02', 'Forward A T02', 'FW', 94, 74, 67, 90),
  ('ply_smk02_10', 'smk02', 'Forward B T02', 'FW', 67, 79, 71, 92),
  ('ply_smk02_11', 'smk02', 'Forward C T02', 'FW', 70, 84, 75, 94),
  ('ply_smk02_12', 'smk02', 'Reserve Keeper T02', 'GK', 73, 89, 79, 96),
  ('ply_smk03_01', 'smk03', 'Keeper T03', 'GK', 71, 71, 73, 75),
  ('ply_smk03_02', 'smk03', 'Captain T03', 'FW', 74, 76, 77, 77),
  ('ply_smk03_03', 'smk03', 'Defender A T03', 'DF', 77, 81, 81, 79),
  ('ply_smk03_04', 'smk03', 'Defender B T03', 'DF', 80, 86, 85, 81),
  ('ply_smk03_05', 'smk03', 'Defender C T03', 'DF', 83, 91, 89, 83),
  ('ply_smk03_06', 'smk03', 'Midfielder A T03', 'MF', 86, 61, 93, 85),
  ('ply_smk03_07', 'smk03', 'Midfielder B T03', 'MF', 89, 66, 62, 87),
  ('ply_smk03_08', 'smk03', 'Midfielder C T03', 'MF', 92, 71, 66, 89),
  ('ply_smk03_09', 'smk03', 'Forward A T03', 'FW', 65, 76, 70, 91),
  ('ply_smk03_10', 'smk03', 'Forward B T03', 'FW', 68, 81, 74, 93),
  ('ply_smk03_11', 'smk03', 'Forward C T03', 'FW', 71, 86, 78, 95),
  ('ply_smk03_12', 'smk03', 'Reserve Keeper T03', 'GK', 74, 91, 82, 97),
  ('ply_smk04_01', 'smk04', 'Keeper T04', 'GK', 72, 73, 76, 76),
  ('ply_smk04_02', 'smk04', 'Captain T04', 'FW', 75, 78, 80, 78),
  ('ply_smk04_03', 'smk04', 'Defender A T04', 'DF', 78, 83, 84, 80),
  ('ply_smk04_04', 'smk04', 'Defender B T04', 'DF', 81, 88, 88, 82),
  ('ply_smk04_05', 'smk04', 'Defender C T04', 'DF', 84, 93, 92, 84),
  ('ply_smk04_06', 'smk04', 'Midfielder A T04', 'MF', 87, 63, 61, 86),
  ('ply_smk04_07', 'smk04', 'Midfielder B T04', 'MF', 90, 68, 65, 88),
  ('ply_smk04_08', 'smk04', 'Midfielder C T04', 'MF', 93, 73, 69, 90),
  ('ply_smk04_09', 'smk04', 'Forward A T04', 'FW', 66, 78, 73, 92),
  ('ply_smk04_10', 'smk04', 'Forward B T04', 'FW', 69, 83, 77, 94),
  ('ply_smk04_11', 'smk04', 'Forward C T04', 'FW', 72, 88, 81, 96),
  ('ply_smk04_12', 'smk04', 'Reserve Keeper T04', 'GK', 75, 93, 85, 98),
  ('ply_smk05_01', 'smk05', 'Keeper T05', 'GK', 73, 75, 79, 77),
  ('ply_smk05_02', 'smk05', 'Captain T05', 'FW', 76, 80, 83, 79),
  ('ply_smk05_03', 'smk05', 'Defender A T05', 'DF', 79, 85, 87, 81),
  ('ply_smk05_04', 'smk05', 'Defender B T05', 'DF', 82, 90, 91, 83),
  ('ply_smk05_05', 'smk05', 'Defender C T05', 'DF', 85, 60, 60, 85),
  ('ply_smk05_06', 'smk05', 'Midfielder A T05', 'MF', 88, 65, 64, 87),
  ('ply_smk05_07', 'smk05', 'Midfielder B T05', 'MF', 91, 70, 68, 89),
  ('ply_smk05_08', 'smk05', 'Midfielder C T05', 'MF', 94, 75, 72, 91),
  ('ply_smk05_09', 'smk05', 'Forward A T05', 'FW', 67, 80, 76, 93),
  ('ply_smk05_10', 'smk05', 'Forward B T05', 'FW', 70, 85, 80, 95),
  ('ply_smk05_11', 'smk05', 'Forward C T05', 'FW', 73, 90, 84, 97),
  ('ply_smk05_12', 'smk05', 'Reserve Keeper T05', 'GK', 76, 60, 88, 99),
  ('ply_smk06_01', 'smk06', 'Keeper T06', 'GK', 74, 77, 82, 78),
  ('ply_smk06_02', 'smk06', 'Captain T06', 'FW', 77, 82, 86, 80),
  ('ply_smk06_03', 'smk06', 'Defender A T06', 'DF', 80, 87, 90, 82),
  ('ply_smk06_04', 'smk06', 'Defender B T06', 'DF', 83, 92, 94, 84),
  ('ply_smk06_05', 'smk06', 'Defender C T06', 'DF', 86, 62, 63, 86),
  ('ply_smk06_06', 'smk06', 'Midfielder A T06', 'MF', 89, 67, 67, 88),
  ('ply_smk06_07', 'smk06', 'Midfielder B T06', 'MF', 92, 72, 71, 90),
  ('ply_smk06_08', 'smk06', 'Midfielder C T06', 'MF', 65, 77, 75, 92),
  ('ply_smk06_09', 'smk06', 'Forward A T06', 'FW', 68, 82, 79, 94),
  ('ply_smk06_10', 'smk06', 'Forward B T06', 'FW', 71, 87, 83, 96),
  ('ply_smk06_11', 'smk06', 'Forward C T06', 'FW', 74, 92, 87, 98),
  ('ply_smk06_12', 'smk06', 'Reserve Keeper T06', 'GK', 77, 62, 91, 70),
  ('ply_smk07_01', 'smk07', 'Keeper T07', 'GK', 75, 79, 85, 79),
  ('ply_smk07_02', 'smk07', 'Captain T07', 'FW', 78, 84, 89, 81),
  ('ply_smk07_03', 'smk07', 'Defender A T07', 'DF', 81, 89, 93, 83),
  ('ply_smk07_04', 'smk07', 'Defender B T07', 'DF', 84, 94, 62, 85),
  ('ply_smk07_05', 'smk07', 'Defender C T07', 'DF', 87, 64, 66, 87),
  ('ply_smk07_06', 'smk07', 'Midfielder A T07', 'MF', 90, 69, 70, 89),
  ('ply_smk07_07', 'smk07', 'Midfielder B T07', 'MF', 93, 74, 74, 91),
  ('ply_smk07_08', 'smk07', 'Midfielder C T07', 'MF', 66, 79, 78, 93),
  ('ply_smk07_09', 'smk07', 'Forward A T07', 'FW', 69, 84, 82, 95),
  ('ply_smk07_10', 'smk07', 'Forward B T07', 'FW', 72, 89, 86, 97),
  ('ply_smk07_11', 'smk07', 'Forward C T07', 'FW', 75, 94, 90, 99),
  ('ply_smk07_12', 'smk07', 'Reserve Keeper T07', 'GK', 78, 64, 94, 71),
  ('ply_smk08_01', 'smk08', 'Keeper T08', 'GK', 76, 81, 88, 80),
  ('ply_smk08_02', 'smk08', 'Captain T08', 'FW', 79, 86, 92, 82),
  ('ply_smk08_03', 'smk08', 'Defender A T08', 'DF', 82, 91, 61, 84),
  ('ply_smk08_04', 'smk08', 'Defender B T08', 'DF', 85, 61, 65, 86),
  ('ply_smk08_05', 'smk08', 'Defender C T08', 'DF', 88, 66, 69, 88),
  ('ply_smk08_06', 'smk08', 'Midfielder A T08', 'MF', 91, 71, 73, 90),
  ('ply_smk08_07', 'smk08', 'Midfielder B T08', 'MF', 94, 76, 77, 92),
  ('ply_smk08_08', 'smk08', 'Midfielder C T08', 'MF', 67, 81, 81, 94),
  ('ply_smk08_09', 'smk08', 'Forward A T08', 'FW', 70, 86, 85, 96),
  ('ply_smk08_10', 'smk08', 'Forward B T08', 'FW', 73, 91, 89, 98),
  ('ply_smk08_11', 'smk08', 'Forward C T08', 'FW', 76, 61, 93, 70),
  ('ply_smk08_12', 'smk08', 'Reserve Keeper T08', 'GK', 79, 66, 62, 72),
  ('ply_smk09_01', 'smk09', 'Keeper T09', 'GK', 77, 83, 91, 81),
  ('ply_smk09_02', 'smk09', 'Captain T09', 'FW', 80, 88, 60, 83),
  ('ply_smk09_03', 'smk09', 'Defender A T09', 'DF', 83, 93, 64, 85),
  ('ply_smk09_04', 'smk09', 'Defender B T09', 'DF', 86, 63, 68, 87),
  ('ply_smk09_05', 'smk09', 'Defender C T09', 'DF', 89, 68, 72, 89),
  ('ply_smk09_06', 'smk09', 'Midfielder A T09', 'MF', 92, 73, 76, 91),
  ('ply_smk09_07', 'smk09', 'Midfielder B T09', 'MF', 65, 78, 80, 93),
  ('ply_smk09_08', 'smk09', 'Midfielder C T09', 'MF', 68, 83, 84, 95),
  ('ply_smk09_09', 'smk09', 'Forward A T09', 'FW', 71, 88, 88, 97),
  ('ply_smk09_10', 'smk09', 'Forward B T09', 'FW', 74, 93, 92, 99),
  ('ply_smk09_11', 'smk09', 'Forward C T09', 'FW', 77, 63, 61, 71),
  ('ply_smk09_12', 'smk09', 'Reserve Keeper T09', 'GK', 80, 68, 65, 73),
  ('ply_smk10_01', 'smk10', 'Keeper T10', 'GK', 78, 85, 94, 82),
  ('ply_smk10_02', 'smk10', 'Captain T10', 'FW', 81, 90, 63, 84),
  ('ply_smk10_03', 'smk10', 'Defender A T10', 'DF', 84, 60, 67, 86),
  ('ply_smk10_04', 'smk10', 'Defender B T10', 'DF', 87, 65, 71, 88),
  ('ply_smk10_05', 'smk10', 'Defender C T10', 'DF', 90, 70, 75, 90),
  ('ply_smk10_06', 'smk10', 'Midfielder A T10', 'MF', 93, 75, 79, 92),
  ('ply_smk10_07', 'smk10', 'Midfielder B T10', 'MF', 66, 80, 83, 94),
  ('ply_smk10_08', 'smk10', 'Midfielder C T10', 'MF', 69, 85, 87, 96),
  ('ply_smk10_09', 'smk10', 'Forward A T10', 'FW', 72, 90, 91, 98),
  ('ply_smk10_10', 'smk10', 'Forward B T10', 'FW', 75, 60, 60, 70),
  ('ply_smk10_11', 'smk10', 'Forward C T10', 'FW', 78, 65, 64, 72),
  ('ply_smk10_12', 'smk10', 'Reserve Keeper T10', 'GK', 81, 70, 68, 74),
  ('ply_smk11_01', 'smk11', 'Keeper T11', 'GK', 79, 87, 62, 83),
  ('ply_smk11_02', 'smk11', 'Captain T11', 'FW', 82, 92, 66, 85),
  ('ply_smk11_03', 'smk11', 'Defender A T11', 'DF', 85, 62, 70, 87),
  ('ply_smk11_04', 'smk11', 'Defender B T11', 'DF', 88, 67, 74, 89),
  ('ply_smk11_05', 'smk11', 'Defender C T11', 'DF', 91, 72, 78, 91),
  ('ply_smk11_06', 'smk11', 'Midfielder A T11', 'MF', 94, 77, 82, 93),
  ('ply_smk11_07', 'smk11', 'Midfielder B T11', 'MF', 67, 82, 86, 95),
  ('ply_smk11_08', 'smk11', 'Midfielder C T11', 'MF', 70, 87, 90, 97),
  ('ply_smk11_09', 'smk11', 'Forward A T11', 'FW', 73, 92, 94, 99),
  ('ply_smk11_10', 'smk11', 'Forward B T11', 'FW', 76, 62, 63, 71),
  ('ply_smk11_11', 'smk11', 'Forward C T11', 'FW', 79, 67, 67, 73),
  ('ply_smk11_12', 'smk11', 'Reserve Keeper T11', 'GK', 82, 72, 71, 75),
  ('ply_smk12_01', 'smk12', 'Keeper T12', 'GK', 80, 89, 65, 84),
  ('ply_smk12_02', 'smk12', 'Captain T12', 'FW', 83, 94, 69, 86),
  ('ply_smk12_03', 'smk12', 'Defender A T12', 'DF', 86, 64, 73, 88),
  ('ply_smk12_04', 'smk12', 'Defender B T12', 'DF', 89, 69, 77, 90),
  ('ply_smk12_05', 'smk12', 'Defender C T12', 'DF', 92, 74, 81, 92),
  ('ply_smk12_06', 'smk12', 'Midfielder A T12', 'MF', 65, 79, 85, 94),
  ('ply_smk12_07', 'smk12', 'Midfielder B T12', 'MF', 68, 84, 89, 96),
  ('ply_smk12_08', 'smk12', 'Midfielder C T12', 'MF', 71, 89, 93, 98),
  ('ply_smk12_09', 'smk12', 'Forward A T12', 'FW', 74, 94, 62, 70),
  ('ply_smk12_10', 'smk12', 'Forward B T12', 'FW', 77, 64, 66, 72),
  ('ply_smk12_11', 'smk12', 'Forward C T12', 'FW', 80, 69, 70, 74),
  ('ply_smk12_12', 'smk12', 'Reserve Keeper T12', 'GK', 83, 74, 74, 76),
  ('ply_smk13_01', 'smk13', 'Keeper T13', 'GK', 81, 91, 68, 85),
  ('ply_smk13_02', 'smk13', 'Captain T13', 'FW', 84, 61, 72, 87),
  ('ply_smk13_03', 'smk13', 'Defender A T13', 'DF', 87, 66, 76, 89),
  ('ply_smk13_04', 'smk13', 'Defender B T13', 'DF', 90, 71, 80, 91),
  ('ply_smk13_05', 'smk13', 'Defender C T13', 'DF', 93, 76, 84, 93),
  ('ply_smk13_06', 'smk13', 'Midfielder A T13', 'MF', 66, 81, 88, 95),
  ('ply_smk13_07', 'smk13', 'Midfielder B T13', 'MF', 69, 86, 92, 97),
  ('ply_smk13_08', 'smk13', 'Midfielder C T13', 'MF', 72, 91, 61, 99),
  ('ply_smk13_09', 'smk13', 'Forward A T13', 'FW', 75, 61, 65, 71),
  ('ply_smk13_10', 'smk13', 'Forward B T13', 'FW', 78, 66, 69, 73),
  ('ply_smk13_11', 'smk13', 'Forward C T13', 'FW', 81, 71, 73, 75),
  ('ply_smk13_12', 'smk13', 'Reserve Keeper T13', 'GK', 84, 76, 77, 77),
  ('ply_smk14_01', 'smk14', 'Keeper T14', 'GK', 82, 93, 71, 86),
  ('ply_smk14_02', 'smk14', 'Captain T14', 'FW', 85, 63, 75, 88),
  ('ply_smk14_03', 'smk14', 'Defender A T14', 'DF', 88, 68, 79, 90),
  ('ply_smk14_04', 'smk14', 'Defender B T14', 'DF', 91, 73, 83, 92),
  ('ply_smk14_05', 'smk14', 'Defender C T14', 'DF', 94, 78, 87, 94),
  ('ply_smk14_06', 'smk14', 'Midfielder A T14', 'MF', 67, 83, 91, 96),
  ('ply_smk14_07', 'smk14', 'Midfielder B T14', 'MF', 70, 88, 60, 98),
  ('ply_smk14_08', 'smk14', 'Midfielder C T14', 'MF', 73, 93, 64, 70),
  ('ply_smk14_09', 'smk14', 'Forward A T14', 'FW', 76, 63, 68, 72),
  ('ply_smk14_10', 'smk14', 'Forward B T14', 'FW', 79, 68, 72, 74),
  ('ply_smk14_11', 'smk14', 'Forward C T14', 'FW', 82, 73, 76, 76),
  ('ply_smk14_12', 'smk14', 'Reserve Keeper T14', 'GK', 85, 78, 80, 78),
  ('ply_smk15_01', 'smk15', 'Keeper T15', 'GK', 83, 60, 74, 87),
  ('ply_smk15_02', 'smk15', 'Captain T15', 'FW', 86, 65, 78, 89),
  ('ply_smk15_03', 'smk15', 'Defender A T15', 'DF', 89, 70, 82, 91),
  ('ply_smk15_04', 'smk15', 'Defender B T15', 'DF', 92, 75, 86, 93),
  ('ply_smk15_05', 'smk15', 'Defender C T15', 'DF', 65, 80, 90, 95),
  ('ply_smk15_06', 'smk15', 'Midfielder A T15', 'MF', 68, 85, 94, 97),
  ('ply_smk15_07', 'smk15', 'Midfielder B T15', 'MF', 71, 90, 63, 99),
  ('ply_smk15_08', 'smk15', 'Midfielder C T15', 'MF', 74, 60, 67, 71),
  ('ply_smk15_09', 'smk15', 'Forward A T15', 'FW', 77, 65, 71, 73),
  ('ply_smk15_10', 'smk15', 'Forward B T15', 'FW', 80, 70, 75, 75),
  ('ply_smk15_11', 'smk15', 'Forward C T15', 'FW', 83, 75, 79, 77),
  ('ply_smk15_12', 'smk15', 'Reserve Keeper T15', 'GK', 86, 80, 83, 79),
  ('ply_smk16_01', 'smk16', 'Keeper T16', 'GK', 84, 62, 77, 88),
  ('ply_smk16_02', 'smk16', 'Captain T16', 'FW', 87, 67, 81, 90),
  ('ply_smk16_03', 'smk16', 'Defender A T16', 'DF', 90, 72, 85, 92),
  ('ply_smk16_04', 'smk16', 'Defender B T16', 'DF', 93, 77, 89, 94),
  ('ply_smk16_05', 'smk16', 'Defender C T16', 'DF', 66, 82, 93, 96),
  ('ply_smk16_06', 'smk16', 'Midfielder A T16', 'MF', 69, 87, 62, 98),
  ('ply_smk16_07', 'smk16', 'Midfielder B T16', 'MF', 72, 92, 66, 70),
  ('ply_smk16_08', 'smk16', 'Midfielder C T16', 'MF', 75, 62, 70, 72),
  ('ply_smk16_09', 'smk16', 'Forward A T16', 'FW', 78, 67, 74, 74),
  ('ply_smk16_10', 'smk16', 'Forward B T16', 'FW', 81, 72, 78, 76),
  ('ply_smk16_11', 'smk16', 'Forward C T16', 'FW', 84, 77, 82, 78),
  ('ply_smk16_12', 'smk16', 'Reserve Keeper T16', 'GK', 87, 82, 86, 80),
  ('ply_smk17_01', 'smk17', 'Keeper T17', 'GK', 85, 64, 80, 89),
  ('ply_smk17_02', 'smk17', 'Captain T17', 'FW', 88, 69, 84, 91),
  ('ply_smk17_03', 'smk17', 'Defender A T17', 'DF', 91, 74, 88, 93),
  ('ply_smk17_04', 'smk17', 'Defender B T17', 'DF', 94, 79, 92, 95),
  ('ply_smk17_05', 'smk17', 'Defender C T17', 'DF', 67, 84, 61, 97),
  ('ply_smk17_06', 'smk17', 'Midfielder A T17', 'MF', 70, 89, 65, 99),
  ('ply_smk17_07', 'smk17', 'Midfielder B T17', 'MF', 73, 94, 69, 71),
  ('ply_smk17_08', 'smk17', 'Midfielder C T17', 'MF', 76, 64, 73, 73),
  ('ply_smk17_09', 'smk17', 'Forward A T17', 'FW', 79, 69, 77, 75),
  ('ply_smk17_10', 'smk17', 'Forward B T17', 'FW', 82, 74, 81, 77),
  ('ply_smk17_11', 'smk17', 'Forward C T17', 'FW', 85, 79, 85, 79),
  ('ply_smk17_12', 'smk17', 'Reserve Keeper T17', 'GK', 88, 84, 89, 81),
  ('ply_smk18_01', 'smk18', 'Keeper T18', 'GK', 86, 66, 83, 90),
  ('ply_smk18_02', 'smk18', 'Captain T18', 'FW', 89, 71, 87, 92),
  ('ply_smk18_03', 'smk18', 'Defender A T18', 'DF', 92, 76, 91, 94),
  ('ply_smk18_04', 'smk18', 'Defender B T18', 'DF', 65, 81, 60, 96),
  ('ply_smk18_05', 'smk18', 'Defender C T18', 'DF', 68, 86, 64, 98),
  ('ply_smk18_06', 'smk18', 'Midfielder A T18', 'MF', 71, 91, 68, 70),
  ('ply_smk18_07', 'smk18', 'Midfielder B T18', 'MF', 74, 61, 72, 72),
  ('ply_smk18_08', 'smk18', 'Midfielder C T18', 'MF', 77, 66, 76, 74),
  ('ply_smk18_09', 'smk18', 'Forward A T18', 'FW', 80, 71, 80, 76),
  ('ply_smk18_10', 'smk18', 'Forward B T18', 'FW', 83, 76, 84, 78),
  ('ply_smk18_11', 'smk18', 'Forward C T18', 'FW', 86, 81, 88, 80),
  ('ply_smk18_12', 'smk18', 'Reserve Keeper T18', 'GK', 89, 86, 92, 82),
  ('ply_smk19_01', 'smk19', 'Keeper T19', 'GK', 87, 68, 86, 91),
  ('ply_smk19_02', 'smk19', 'Captain T19', 'FW', 90, 73, 90, 93),
  ('ply_smk19_03', 'smk19', 'Defender A T19', 'DF', 93, 78, 94, 95),
  ('ply_smk19_04', 'smk19', 'Defender B T19', 'DF', 66, 83, 63, 97),
  ('ply_smk19_05', 'smk19', 'Defender C T19', 'DF', 69, 88, 67, 99),
  ('ply_smk19_06', 'smk19', 'Midfielder A T19', 'MF', 72, 93, 71, 71),
  ('ply_smk19_07', 'smk19', 'Midfielder B T19', 'MF', 75, 63, 75, 73),
  ('ply_smk19_08', 'smk19', 'Midfielder C T19', 'MF', 78, 68, 79, 75),
  ('ply_smk19_09', 'smk19', 'Forward A T19', 'FW', 81, 73, 83, 77),
  ('ply_smk19_10', 'smk19', 'Forward B T19', 'FW', 84, 78, 87, 79),
  ('ply_smk19_11', 'smk19', 'Forward C T19', 'FW', 87, 83, 91, 81),
  ('ply_smk19_12', 'smk19', 'Reserve Keeper T19', 'GK', 90, 88, 60, 83),
  ('ply_smk20_01', 'smk20', 'Keeper T20', 'GK', 88, 70, 89, 92),
  ('ply_smk20_02', 'smk20', 'Captain T20', 'FW', 91, 75, 93, 94),
  ('ply_smk20_03', 'smk20', 'Defender A T20', 'DF', 94, 80, 62, 96),
  ('ply_smk20_04', 'smk20', 'Defender B T20', 'DF', 67, 85, 66, 98),
  ('ply_smk20_05', 'smk20', 'Defender C T20', 'DF', 70, 90, 70, 70),
  ('ply_smk20_06', 'smk20', 'Midfielder A T20', 'MF', 73, 60, 74, 72),
  ('ply_smk20_07', 'smk20', 'Midfielder B T20', 'MF', 76, 65, 78, 74),
  ('ply_smk20_08', 'smk20', 'Midfielder C T20', 'MF', 79, 70, 82, 76),
  ('ply_smk20_09', 'smk20', 'Forward A T20', 'FW', 82, 75, 86, 78),
  ('ply_smk20_10', 'smk20', 'Forward B T20', 'FW', 85, 80, 90, 80),
  ('ply_smk20_11', 'smk20', 'Forward C T20', 'FW', 88, 85, 94, 82),
  ('ply_smk20_12', 'smk20', 'Reserve Keeper T20', 'GK', 91, 90, 63, 84),
  ('ply_smk21_01', 'smk21', 'Keeper T21', 'GK', 89, 72, 92, 93),
  ('ply_smk21_02', 'smk21', 'Captain T21', 'FW', 92, 77, 61, 95),
  ('ply_smk21_03', 'smk21', 'Defender A T21', 'DF', 65, 82, 65, 97),
  ('ply_smk21_04', 'smk21', 'Defender B T21', 'DF', 68, 87, 69, 99),
  ('ply_smk21_05', 'smk21', 'Defender C T21', 'DF', 71, 92, 73, 71),
  ('ply_smk21_06', 'smk21', 'Midfielder A T21', 'MF', 74, 62, 77, 73),
  ('ply_smk21_07', 'smk21', 'Midfielder B T21', 'MF', 77, 67, 81, 75),
  ('ply_smk21_08', 'smk21', 'Midfielder C T21', 'MF', 80, 72, 85, 77),
  ('ply_smk21_09', 'smk21', 'Forward A T21', 'FW', 83, 77, 89, 79),
  ('ply_smk21_10', 'smk21', 'Forward B T21', 'FW', 86, 82, 93, 81),
  ('ply_smk21_11', 'smk21', 'Forward C T21', 'FW', 89, 87, 62, 83),
  ('ply_smk21_12', 'smk21', 'Reserve Keeper T21', 'GK', 92, 92, 66, 85),
  ('ply_smk22_01', 'smk22', 'Keeper T22', 'GK', 90, 74, 60, 94),
  ('ply_smk22_02', 'smk22', 'Captain T22', 'FW', 93, 79, 64, 96),
  ('ply_smk22_03', 'smk22', 'Defender A T22', 'DF', 66, 84, 68, 98),
  ('ply_smk22_04', 'smk22', 'Defender B T22', 'DF', 69, 89, 72, 70),
  ('ply_smk22_05', 'smk22', 'Defender C T22', 'DF', 72, 94, 76, 72),
  ('ply_smk22_06', 'smk22', 'Midfielder A T22', 'MF', 75, 64, 80, 74),
  ('ply_smk22_07', 'smk22', 'Midfielder B T22', 'MF', 78, 69, 84, 76),
  ('ply_smk22_08', 'smk22', 'Midfielder C T22', 'MF', 81, 74, 88, 78),
  ('ply_smk22_09', 'smk22', 'Forward A T22', 'FW', 84, 79, 92, 80),
  ('ply_smk22_10', 'smk22', 'Forward B T22', 'FW', 87, 84, 61, 82),
  ('ply_smk22_11', 'smk22', 'Forward C T22', 'FW', 90, 89, 65, 84),
  ('ply_smk22_12', 'smk22', 'Reserve Keeper T22', 'GK', 93, 94, 69, 86),
  ('ply_smk23_01', 'smk23', 'Keeper T23', 'GK', 91, 76, 63, 95),
  ('ply_smk23_02', 'smk23', 'Captain T23', 'FW', 94, 81, 67, 97),
  ('ply_smk23_03', 'smk23', 'Defender A T23', 'DF', 67, 86, 71, 99),
  ('ply_smk23_04', 'smk23', 'Defender B T23', 'DF', 70, 91, 75, 71),
  ('ply_smk23_05', 'smk23', 'Defender C T23', 'DF', 73, 61, 79, 73),
  ('ply_smk23_06', 'smk23', 'Midfielder A T23', 'MF', 76, 66, 83, 75),
  ('ply_smk23_07', 'smk23', 'Midfielder B T23', 'MF', 79, 71, 87, 77),
  ('ply_smk23_08', 'smk23', 'Midfielder C T23', 'MF', 82, 76, 91, 79),
  ('ply_smk23_09', 'smk23', 'Forward A T23', 'FW', 85, 81, 60, 81),
  ('ply_smk23_10', 'smk23', 'Forward B T23', 'FW', 88, 86, 64, 83),
  ('ply_smk23_11', 'smk23', 'Forward C T23', 'FW', 91, 91, 68, 85),
  ('ply_smk23_12', 'smk23', 'Reserve Keeper T23', 'GK', 94, 61, 72, 87),
  ('ply_smk24_01', 'smk24', 'Keeper T24', 'GK', 92, 78, 66, 96),
  ('ply_smk24_02', 'smk24', 'Captain T24', 'FW', 65, 83, 70, 98),
  ('ply_smk24_03', 'smk24', 'Defender A T24', 'DF', 68, 88, 74, 70),
  ('ply_smk24_04', 'smk24', 'Defender B T24', 'DF', 71, 93, 78, 72),
  ('ply_smk24_05', 'smk24', 'Defender C T24', 'DF', 74, 63, 82, 74),
  ('ply_smk24_06', 'smk24', 'Midfielder A T24', 'MF', 77, 68, 86, 76),
  ('ply_smk24_07', 'smk24', 'Midfielder B T24', 'MF', 80, 73, 90, 78),
  ('ply_smk24_08', 'smk24', 'Midfielder C T24', 'MF', 83, 78, 94, 80),
  ('ply_smk24_09', 'smk24', 'Forward A T24', 'FW', 86, 83, 63, 82),
  ('ply_smk24_10', 'smk24', 'Forward B T24', 'FW', 89, 88, 67, 84),
  ('ply_smk24_11', 'smk24', 'Forward C T24', 'FW', 92, 93, 71, 86),
  ('ply_smk24_12', 'smk24', 'Reserve Keeper T24', 'GK', 65, 63, 75, 88),
  ('ply_smk25_01', 'smk25', 'Keeper T25', 'GK', 93, 80, 69, 97),
  ('ply_smk25_02', 'smk25', 'Captain T25', 'FW', 66, 85, 73, 99),
  ('ply_smk25_03', 'smk25', 'Defender A T25', 'DF', 69, 90, 77, 71),
  ('ply_smk25_04', 'smk25', 'Defender B T25', 'DF', 72, 60, 81, 73),
  ('ply_smk25_05', 'smk25', 'Defender C T25', 'DF', 75, 65, 85, 75),
  ('ply_smk25_06', 'smk25', 'Midfielder A T25', 'MF', 78, 70, 89, 77),
  ('ply_smk25_07', 'smk25', 'Midfielder B T25', 'MF', 81, 75, 93, 79),
  ('ply_smk25_08', 'smk25', 'Midfielder C T25', 'MF', 84, 80, 62, 81),
  ('ply_smk25_09', 'smk25', 'Forward A T25', 'FW', 87, 85, 66, 83),
  ('ply_smk25_10', 'smk25', 'Forward B T25', 'FW', 90, 90, 70, 85),
  ('ply_smk25_11', 'smk25', 'Forward C T25', 'FW', 93, 60, 74, 87),
  ('ply_smk25_12', 'smk25', 'Reserve Keeper T25', 'GK', 66, 65, 78, 89),
  ('ply_smk26_01', 'smk26', 'Keeper T26', 'GK', 94, 82, 72, 98),
  ('ply_smk26_02', 'smk26', 'Captain T26', 'FW', 67, 87, 76, 70),
  ('ply_smk26_03', 'smk26', 'Defender A T26', 'DF', 70, 92, 80, 72),
  ('ply_smk26_04', 'smk26', 'Defender B T26', 'DF', 73, 62, 84, 74),
  ('ply_smk26_05', 'smk26', 'Defender C T26', 'DF', 76, 67, 88, 76),
  ('ply_smk26_06', 'smk26', 'Midfielder A T26', 'MF', 79, 72, 92, 78),
  ('ply_smk26_07', 'smk26', 'Midfielder B T26', 'MF', 82, 77, 61, 80),
  ('ply_smk26_08', 'smk26', 'Midfielder C T26', 'MF', 85, 82, 65, 82),
  ('ply_smk26_09', 'smk26', 'Forward A T26', 'FW', 88, 87, 69, 84),
  ('ply_smk26_10', 'smk26', 'Forward B T26', 'FW', 91, 92, 73, 86),
  ('ply_smk26_11', 'smk26', 'Forward C T26', 'FW', 94, 62, 77, 88),
  ('ply_smk26_12', 'smk26', 'Reserve Keeper T26', 'GK', 67, 67, 81, 90),
  ('ply_smk27_01', 'smk27', 'Keeper T27', 'GK', 65, 84, 75, 99),
  ('ply_smk27_02', 'smk27', 'Captain T27', 'FW', 68, 89, 79, 71),
  ('ply_smk27_03', 'smk27', 'Defender A T27', 'DF', 71, 94, 83, 73),
  ('ply_smk27_04', 'smk27', 'Defender B T27', 'DF', 74, 64, 87, 75),
  ('ply_smk27_05', 'smk27', 'Defender C T27', 'DF', 77, 69, 91, 77),
  ('ply_smk27_06', 'smk27', 'Midfielder A T27', 'MF', 80, 74, 60, 79),
  ('ply_smk27_07', 'smk27', 'Midfielder B T27', 'MF', 83, 79, 64, 81),
  ('ply_smk27_08', 'smk27', 'Midfielder C T27', 'MF', 86, 84, 68, 83),
  ('ply_smk27_09', 'smk27', 'Forward A T27', 'FW', 89, 89, 72, 85),
  ('ply_smk27_10', 'smk27', 'Forward B T27', 'FW', 92, 94, 76, 87),
  ('ply_smk27_11', 'smk27', 'Forward C T27', 'FW', 65, 64, 80, 89),
  ('ply_smk27_12', 'smk27', 'Reserve Keeper T27', 'GK', 68, 69, 84, 91),
  ('ply_smk28_01', 'smk28', 'Keeper T28', 'GK', 66, 86, 78, 70),
  ('ply_smk28_02', 'smk28', 'Captain T28', 'FW', 69, 91, 82, 72),
  ('ply_smk28_03', 'smk28', 'Defender A T28', 'DF', 72, 61, 86, 74),
  ('ply_smk28_04', 'smk28', 'Defender B T28', 'DF', 75, 66, 90, 76),
  ('ply_smk28_05', 'smk28', 'Defender C T28', 'DF', 78, 71, 94, 78),
  ('ply_smk28_06', 'smk28', 'Midfielder A T28', 'MF', 81, 76, 63, 80),
  ('ply_smk28_07', 'smk28', 'Midfielder B T28', 'MF', 84, 81, 67, 82),
  ('ply_smk28_08', 'smk28', 'Midfielder C T28', 'MF', 87, 86, 71, 84),
  ('ply_smk28_09', 'smk28', 'Forward A T28', 'FW', 90, 91, 75, 86),
  ('ply_smk28_10', 'smk28', 'Forward B T28', 'FW', 93, 61, 79, 88),
  ('ply_smk28_11', 'smk28', 'Forward C T28', 'FW', 66, 66, 83, 90),
  ('ply_smk28_12', 'smk28', 'Reserve Keeper T28', 'GK', 69, 71, 87, 92),
  ('ply_smk29_01', 'smk29', 'Keeper T29', 'GK', 67, 88, 81, 71),
  ('ply_smk29_02', 'smk29', 'Captain T29', 'FW', 70, 93, 85, 73),
  ('ply_smk29_03', 'smk29', 'Defender A T29', 'DF', 73, 63, 89, 75),
  ('ply_smk29_04', 'smk29', 'Defender B T29', 'DF', 76, 68, 93, 77),
  ('ply_smk29_05', 'smk29', 'Defender C T29', 'DF', 79, 73, 62, 79),
  ('ply_smk29_06', 'smk29', 'Midfielder A T29', 'MF', 82, 78, 66, 81),
  ('ply_smk29_07', 'smk29', 'Midfielder B T29', 'MF', 85, 83, 70, 83),
  ('ply_smk29_08', 'smk29', 'Midfielder C T29', 'MF', 88, 88, 74, 85),
  ('ply_smk29_09', 'smk29', 'Forward A T29', 'FW', 91, 93, 78, 87),
  ('ply_smk29_10', 'smk29', 'Forward B T29', 'FW', 94, 63, 82, 89),
  ('ply_smk29_11', 'smk29', 'Forward C T29', 'FW', 67, 68, 86, 91),
  ('ply_smk29_12', 'smk29', 'Reserve Keeper T29', 'GK', 70, 73, 90, 93),
  ('ply_smk30_01', 'smk30', 'Keeper T30', 'GK', 68, 90, 84, 72),
  ('ply_smk30_02', 'smk30', 'Captain T30', 'FW', 71, 60, 88, 74),
  ('ply_smk30_03', 'smk30', 'Defender A T30', 'DF', 74, 65, 92, 76),
  ('ply_smk30_04', 'smk30', 'Defender B T30', 'DF', 77, 70, 61, 78),
  ('ply_smk30_05', 'smk30', 'Defender C T30', 'DF', 80, 75, 65, 80),
  ('ply_smk30_06', 'smk30', 'Midfielder A T30', 'MF', 83, 80, 69, 82),
  ('ply_smk30_07', 'smk30', 'Midfielder B T30', 'MF', 86, 85, 73, 84),
  ('ply_smk30_08', 'smk30', 'Midfielder C T30', 'MF', 89, 90, 77, 86),
  ('ply_smk30_09', 'smk30', 'Forward A T30', 'FW', 92, 60, 81, 88),
  ('ply_smk30_10', 'smk30', 'Forward B T30', 'FW', 65, 65, 85, 90),
  ('ply_smk30_11', 'smk30', 'Forward C T30', 'FW', 68, 70, 89, 92),
  ('ply_smk30_12', 'smk30', 'Reserve Keeper T30', 'GK', 71, 75, 93, 94),
  ('ply_smk31_01', 'smk31', 'Keeper T31', 'GK', 69, 92, 87, 73),
  ('ply_smk31_02', 'smk31', 'Captain T31', 'FW', 72, 62, 91, 75),
  ('ply_smk31_03', 'smk31', 'Defender A T31', 'DF', 75, 67, 60, 77),
  ('ply_smk31_04', 'smk31', 'Defender B T31', 'DF', 78, 72, 64, 79),
  ('ply_smk31_05', 'smk31', 'Defender C T31', 'DF', 81, 77, 68, 81),
  ('ply_smk31_06', 'smk31', 'Midfielder A T31', 'MF', 84, 82, 72, 83),
  ('ply_smk31_07', 'smk31', 'Midfielder B T31', 'MF', 87, 87, 76, 85),
  ('ply_smk31_08', 'smk31', 'Midfielder C T31', 'MF', 90, 92, 80, 87),
  ('ply_smk31_09', 'smk31', 'Forward A T31', 'FW', 93, 62, 84, 89),
  ('ply_smk31_10', 'smk31', 'Forward B T31', 'FW', 66, 67, 88, 91),
  ('ply_smk31_11', 'smk31', 'Forward C T31', 'FW', 69, 72, 92, 93),
  ('ply_smk31_12', 'smk31', 'Reserve Keeper T31', 'GK', 72, 77, 61, 95),
  ('ply_smk32_01', 'smk32', 'Keeper T32', 'GK', 70, 94, 90, 74),
  ('ply_smk32_02', 'smk32', 'Captain T32', 'FW', 73, 64, 94, 76),
  ('ply_smk32_03', 'smk32', 'Defender A T32', 'DF', 76, 69, 63, 78),
  ('ply_smk32_04', 'smk32', 'Defender B T32', 'DF', 79, 74, 67, 80),
  ('ply_smk32_05', 'smk32', 'Defender C T32', 'DF', 82, 79, 71, 82),
  ('ply_smk32_06', 'smk32', 'Midfielder A T32', 'MF', 85, 84, 75, 84),
  ('ply_smk32_07', 'smk32', 'Midfielder B T32', 'MF', 88, 89, 79, 86),
  ('ply_smk32_08', 'smk32', 'Midfielder C T32', 'MF', 91, 94, 83, 88),
  ('ply_smk32_09', 'smk32', 'Forward A T32', 'FW', 94, 64, 87, 90),
  ('ply_smk32_10', 'smk32', 'Forward B T32', 'FW', 67, 69, 91, 92),
  ('ply_smk32_11', 'smk32', 'Forward C T32', 'FW', 70, 74, 60, 94),
  ('ply_smk32_12', 'smk32', 'Reserve Keeper T32', 'GK', 73, 79, 64, 96),
  ('ply_smk33_01', 'smk33', 'Keeper T33', 'GK', 71, 61, 93, 75),
  ('ply_smk33_02', 'smk33', 'Captain T33', 'FW', 74, 66, 62, 77),
  ('ply_smk33_03', 'smk33', 'Defender A T33', 'DF', 77, 71, 66, 79),
  ('ply_smk33_04', 'smk33', 'Defender B T33', 'DF', 80, 76, 70, 81),
  ('ply_smk33_05', 'smk33', 'Defender C T33', 'DF', 83, 81, 74, 83),
  ('ply_smk33_06', 'smk33', 'Midfielder A T33', 'MF', 86, 86, 78, 85),
  ('ply_smk33_07', 'smk33', 'Midfielder B T33', 'MF', 89, 91, 82, 87),
  ('ply_smk33_08', 'smk33', 'Midfielder C T33', 'MF', 92, 61, 86, 89),
  ('ply_smk33_09', 'smk33', 'Forward A T33', 'FW', 65, 66, 90, 91),
  ('ply_smk33_10', 'smk33', 'Forward B T33', 'FW', 68, 71, 94, 93),
  ('ply_smk33_11', 'smk33', 'Forward C T33', 'FW', 71, 76, 63, 95),
  ('ply_smk33_12', 'smk33', 'Reserve Keeper T33', 'GK', 74, 81, 67, 97),
  ('ply_smk34_01', 'smk34', 'Keeper T34', 'GK', 72, 63, 61, 76),
  ('ply_smk34_02', 'smk34', 'Captain T34', 'FW', 75, 68, 65, 78),
  ('ply_smk34_03', 'smk34', 'Defender A T34', 'DF', 78, 73, 69, 80),
  ('ply_smk34_04', 'smk34', 'Defender B T34', 'DF', 81, 78, 73, 82),
  ('ply_smk34_05', 'smk34', 'Defender C T34', 'DF', 84, 83, 77, 84),
  ('ply_smk34_06', 'smk34', 'Midfielder A T34', 'MF', 87, 88, 81, 86),
  ('ply_smk34_07', 'smk34', 'Midfielder B T34', 'MF', 90, 93, 85, 88),
  ('ply_smk34_08', 'smk34', 'Midfielder C T34', 'MF', 93, 63, 89, 90),
  ('ply_smk34_09', 'smk34', 'Forward A T34', 'FW', 66, 68, 93, 92),
  ('ply_smk34_10', 'smk34', 'Forward B T34', 'FW', 69, 73, 62, 94),
  ('ply_smk34_11', 'smk34', 'Forward C T34', 'FW', 72, 78, 66, 96),
  ('ply_smk34_12', 'smk34', 'Reserve Keeper T34', 'GK', 75, 83, 70, 98),
  ('ply_smk35_01', 'smk35', 'Keeper T35', 'GK', 73, 65, 64, 77),
  ('ply_smk35_02', 'smk35', 'Captain T35', 'FW', 76, 70, 68, 79),
  ('ply_smk35_03', 'smk35', 'Defender A T35', 'DF', 79, 75, 72, 81),
  ('ply_smk35_04', 'smk35', 'Defender B T35', 'DF', 82, 80, 76, 83),
  ('ply_smk35_05', 'smk35', 'Defender C T35', 'DF', 85, 85, 80, 85),
  ('ply_smk35_06', 'smk35', 'Midfielder A T35', 'MF', 88, 90, 84, 87),
  ('ply_smk35_07', 'smk35', 'Midfielder B T35', 'MF', 91, 60, 88, 89),
  ('ply_smk35_08', 'smk35', 'Midfielder C T35', 'MF', 94, 65, 92, 91),
  ('ply_smk35_09', 'smk35', 'Forward A T35', 'FW', 67, 70, 61, 93),
  ('ply_smk35_10', 'smk35', 'Forward B T35', 'FW', 70, 75, 65, 95),
  ('ply_smk35_11', 'smk35', 'Forward C T35', 'FW', 73, 80, 69, 97),
  ('ply_smk35_12', 'smk35', 'Reserve Keeper T35', 'GK', 76, 85, 73, 99),
  ('ply_smk36_01', 'smk36', 'Keeper T36', 'GK', 74, 67, 67, 78),
  ('ply_smk36_02', 'smk36', 'Captain T36', 'FW', 77, 72, 71, 80),
  ('ply_smk36_03', 'smk36', 'Defender A T36', 'DF', 80, 77, 75, 82),
  ('ply_smk36_04', 'smk36', 'Defender B T36', 'DF', 83, 82, 79, 84),
  ('ply_smk36_05', 'smk36', 'Defender C T36', 'DF', 86, 87, 83, 86),
  ('ply_smk36_06', 'smk36', 'Midfielder A T36', 'MF', 89, 92, 87, 88),
  ('ply_smk36_07', 'smk36', 'Midfielder B T36', 'MF', 92, 62, 91, 90),
  ('ply_smk36_08', 'smk36', 'Midfielder C T36', 'MF', 65, 67, 60, 92),
  ('ply_smk36_09', 'smk36', 'Forward A T36', 'FW', 68, 72, 64, 94),
  ('ply_smk36_10', 'smk36', 'Forward B T36', 'FW', 71, 77, 68, 96),
  ('ply_smk36_11', 'smk36', 'Forward C T36', 'FW', 74, 82, 72, 98),
  ('ply_smk36_12', 'smk36', 'Reserve Keeper T36', 'GK', 77, 87, 76, 70),
  ('ply_smk37_01', 'smk37', 'Keeper T37', 'GK', 75, 69, 70, 79),
  ('ply_smk37_02', 'smk37', 'Captain T37', 'FW', 78, 74, 74, 81),
  ('ply_smk37_03', 'smk37', 'Defender A T37', 'DF', 81, 79, 78, 83),
  ('ply_smk37_04', 'smk37', 'Defender B T37', 'DF', 84, 84, 82, 85),
  ('ply_smk37_05', 'smk37', 'Defender C T37', 'DF', 87, 89, 86, 87),
  ('ply_smk37_06', 'smk37', 'Midfielder A T37', 'MF', 90, 94, 90, 89),
  ('ply_smk37_07', 'smk37', 'Midfielder B T37', 'MF', 93, 64, 94, 91),
  ('ply_smk37_08', 'smk37', 'Midfielder C T37', 'MF', 66, 69, 63, 93),
  ('ply_smk37_09', 'smk37', 'Forward A T37', 'FW', 69, 74, 67, 95),
  ('ply_smk37_10', 'smk37', 'Forward B T37', 'FW', 72, 79, 71, 97),
  ('ply_smk37_11', 'smk37', 'Forward C T37', 'FW', 75, 84, 75, 99),
  ('ply_smk37_12', 'smk37', 'Reserve Keeper T37', 'GK', 78, 89, 79, 71),
  ('ply_smk38_01', 'smk38', 'Keeper T38', 'GK', 76, 71, 73, 80),
  ('ply_smk38_02', 'smk38', 'Captain T38', 'FW', 79, 76, 77, 82),
  ('ply_smk38_03', 'smk38', 'Defender A T38', 'DF', 82, 81, 81, 84),
  ('ply_smk38_04', 'smk38', 'Defender B T38', 'DF', 85, 86, 85, 86),
  ('ply_smk38_05', 'smk38', 'Defender C T38', 'DF', 88, 91, 89, 88),
  ('ply_smk38_06', 'smk38', 'Midfielder A T38', 'MF', 91, 61, 93, 90),
  ('ply_smk38_07', 'smk38', 'Midfielder B T38', 'MF', 94, 66, 62, 92),
  ('ply_smk38_08', 'smk38', 'Midfielder C T38', 'MF', 67, 71, 66, 94),
  ('ply_smk38_09', 'smk38', 'Forward A T38', 'FW', 70, 76, 70, 96),
  ('ply_smk38_10', 'smk38', 'Forward B T38', 'FW', 73, 81, 74, 98),
  ('ply_smk38_11', 'smk38', 'Forward C T38', 'FW', 76, 86, 78, 70),
  ('ply_smk38_12', 'smk38', 'Reserve Keeper T38', 'GK', 79, 91, 82, 72),
  ('ply_smk39_01', 'smk39', 'Keeper T39', 'GK', 77, 73, 76, 81),
  ('ply_smk39_02', 'smk39', 'Captain T39', 'FW', 80, 78, 80, 83),
  ('ply_smk39_03', 'smk39', 'Defender A T39', 'DF', 83, 83, 84, 85),
  ('ply_smk39_04', 'smk39', 'Defender B T39', 'DF', 86, 88, 88, 87),
  ('ply_smk39_05', 'smk39', 'Defender C T39', 'DF', 89, 93, 92, 89),
  ('ply_smk39_06', 'smk39', 'Midfielder A T39', 'MF', 92, 63, 61, 91),
  ('ply_smk39_07', 'smk39', 'Midfielder B T39', 'MF', 65, 68, 65, 93),
  ('ply_smk39_08', 'smk39', 'Midfielder C T39', 'MF', 68, 73, 69, 95),
  ('ply_smk39_09', 'smk39', 'Forward A T39', 'FW', 71, 78, 73, 97),
  ('ply_smk39_10', 'smk39', 'Forward B T39', 'FW', 74, 83, 77, 99),
  ('ply_smk39_11', 'smk39', 'Forward C T39', 'FW', 77, 88, 81, 71),
  ('ply_smk39_12', 'smk39', 'Reserve Keeper T39', 'GK', 80, 93, 85, 73),
  ('ply_smk40_01', 'smk40', 'Keeper T40', 'GK', 78, 75, 79, 82),
  ('ply_smk40_02', 'smk40', 'Captain T40', 'FW', 81, 80, 83, 84),
  ('ply_smk40_03', 'smk40', 'Defender A T40', 'DF', 84, 85, 87, 86),
  ('ply_smk40_04', 'smk40', 'Defender B T40', 'DF', 87, 90, 91, 88),
  ('ply_smk40_05', 'smk40', 'Defender C T40', 'DF', 90, 60, 60, 90),
  ('ply_smk40_06', 'smk40', 'Midfielder A T40', 'MF', 93, 65, 64, 92),
  ('ply_smk40_07', 'smk40', 'Midfielder B T40', 'MF', 66, 70, 68, 94),
  ('ply_smk40_08', 'smk40', 'Midfielder C T40', 'MF', 69, 75, 72, 96),
  ('ply_smk40_09', 'smk40', 'Forward A T40', 'FW', 72, 80, 76, 98),
  ('ply_smk40_10', 'smk40', 'Forward B T40', 'FW', 75, 85, 80, 70),
  ('ply_smk40_11', 'smk40', 'Forward C T40', 'FW', 78, 90, 84, 72),
  ('ply_smk40_12', 'smk40', 'Reserve Keeper T40', 'GK', 81, 60, 88, 74),
  ('ply_smk41_01', 'smk41', 'Keeper T41', 'GK', 79, 77, 82, 83),
  ('ply_smk41_02', 'smk41', 'Captain T41', 'FW', 82, 82, 86, 85),
  ('ply_smk41_03', 'smk41', 'Defender A T41', 'DF', 85, 87, 90, 87),
  ('ply_smk41_04', 'smk41', 'Defender B T41', 'DF', 88, 92, 94, 89),
  ('ply_smk41_05', 'smk41', 'Defender C T41', 'DF', 91, 62, 63, 91),
  ('ply_smk41_06', 'smk41', 'Midfielder A T41', 'MF', 94, 67, 67, 93),
  ('ply_smk41_07', 'smk41', 'Midfielder B T41', 'MF', 67, 72, 71, 95),
  ('ply_smk41_08', 'smk41', 'Midfielder C T41', 'MF', 70, 77, 75, 97),
  ('ply_smk41_09', 'smk41', 'Forward A T41', 'FW', 73, 82, 79, 99),
  ('ply_smk41_10', 'smk41', 'Forward B T41', 'FW', 76, 87, 83, 71),
  ('ply_smk41_11', 'smk41', 'Forward C T41', 'FW', 79, 92, 87, 73),
  ('ply_smk41_12', 'smk41', 'Reserve Keeper T41', 'GK', 82, 62, 91, 75),
  ('ply_smk42_01', 'smk42', 'Keeper T42', 'GK', 80, 79, 85, 84),
  ('ply_smk42_02', 'smk42', 'Captain T42', 'FW', 83, 84, 89, 86),
  ('ply_smk42_03', 'smk42', 'Defender A T42', 'DF', 86, 89, 93, 88),
  ('ply_smk42_04', 'smk42', 'Defender B T42', 'DF', 89, 94, 62, 90),
  ('ply_smk42_05', 'smk42', 'Defender C T42', 'DF', 92, 64, 66, 92),
  ('ply_smk42_06', 'smk42', 'Midfielder A T42', 'MF', 65, 69, 70, 94),
  ('ply_smk42_07', 'smk42', 'Midfielder B T42', 'MF', 68, 74, 74, 96),
  ('ply_smk42_08', 'smk42', 'Midfielder C T42', 'MF', 71, 79, 78, 98),
  ('ply_smk42_09', 'smk42', 'Forward A T42', 'FW', 74, 84, 82, 70),
  ('ply_smk42_10', 'smk42', 'Forward B T42', 'FW', 77, 89, 86, 72),
  ('ply_smk42_11', 'smk42', 'Forward C T42', 'FW', 80, 94, 90, 74),
  ('ply_smk42_12', 'smk42', 'Reserve Keeper T42', 'GK', 83, 64, 94, 76),
  ('ply_smk43_01', 'smk43', 'Keeper T43', 'GK', 81, 81, 88, 85),
  ('ply_smk43_02', 'smk43', 'Captain T43', 'FW', 84, 86, 92, 87),
  ('ply_smk43_03', 'smk43', 'Defender A T43', 'DF', 87, 91, 61, 89),
  ('ply_smk43_04', 'smk43', 'Defender B T43', 'DF', 90, 61, 65, 91),
  ('ply_smk43_05', 'smk43', 'Defender C T43', 'DF', 93, 66, 69, 93),
  ('ply_smk43_06', 'smk43', 'Midfielder A T43', 'MF', 66, 71, 73, 95),
  ('ply_smk43_07', 'smk43', 'Midfielder B T43', 'MF', 69, 76, 77, 97),
  ('ply_smk43_08', 'smk43', 'Midfielder C T43', 'MF', 72, 81, 81, 99),
  ('ply_smk43_09', 'smk43', 'Forward A T43', 'FW', 75, 86, 85, 71),
  ('ply_smk43_10', 'smk43', 'Forward B T43', 'FW', 78, 91, 89, 73),
  ('ply_smk43_11', 'smk43', 'Forward C T43', 'FW', 81, 61, 93, 75),
  ('ply_smk43_12', 'smk43', 'Reserve Keeper T43', 'GK', 84, 66, 62, 77),
  ('ply_smk44_01', 'smk44', 'Keeper T44', 'GK', 82, 83, 91, 86),
  ('ply_smk44_02', 'smk44', 'Captain T44', 'FW', 85, 88, 60, 88),
  ('ply_smk44_03', 'smk44', 'Defender A T44', 'DF', 88, 93, 64, 90),
  ('ply_smk44_04', 'smk44', 'Defender B T44', 'DF', 91, 63, 68, 92),
  ('ply_smk44_05', 'smk44', 'Defender C T44', 'DF', 94, 68, 72, 94),
  ('ply_smk44_06', 'smk44', 'Midfielder A T44', 'MF', 67, 73, 76, 96),
  ('ply_smk44_07', 'smk44', 'Midfielder B T44', 'MF', 70, 78, 80, 98),
  ('ply_smk44_08', 'smk44', 'Midfielder C T44', 'MF', 73, 83, 84, 70),
  ('ply_smk44_09', 'smk44', 'Forward A T44', 'FW', 76, 88, 88, 72),
  ('ply_smk44_10', 'smk44', 'Forward B T44', 'FW', 79, 93, 92, 74),
  ('ply_smk44_11', 'smk44', 'Forward C T44', 'FW', 82, 63, 61, 76),
  ('ply_smk44_12', 'smk44', 'Reserve Keeper T44', 'GK', 85, 68, 65, 78),
  ('ply_smk45_01', 'smk45', 'Keeper T45', 'GK', 83, 85, 94, 87),
  ('ply_smk45_02', 'smk45', 'Captain T45', 'FW', 86, 90, 63, 89),
  ('ply_smk45_03', 'smk45', 'Defender A T45', 'DF', 89, 60, 67, 91),
  ('ply_smk45_04', 'smk45', 'Defender B T45', 'DF', 92, 65, 71, 93),
  ('ply_smk45_05', 'smk45', 'Defender C T45', 'DF', 65, 70, 75, 95),
  ('ply_smk45_06', 'smk45', 'Midfielder A T45', 'MF', 68, 75, 79, 97),
  ('ply_smk45_07', 'smk45', 'Midfielder B T45', 'MF', 71, 80, 83, 99),
  ('ply_smk45_08', 'smk45', 'Midfielder C T45', 'MF', 74, 85, 87, 71),
  ('ply_smk45_09', 'smk45', 'Forward A T45', 'FW', 77, 90, 91, 73),
  ('ply_smk45_10', 'smk45', 'Forward B T45', 'FW', 80, 60, 60, 75),
  ('ply_smk45_11', 'smk45', 'Forward C T45', 'FW', 83, 65, 64, 77),
  ('ply_smk45_12', 'smk45', 'Reserve Keeper T45', 'GK', 86, 70, 68, 79),
  ('ply_smk46_01', 'smk46', 'Keeper T46', 'GK', 84, 87, 62, 88),
  ('ply_smk46_02', 'smk46', 'Captain T46', 'FW', 87, 92, 66, 90),
  ('ply_smk46_03', 'smk46', 'Defender A T46', 'DF', 90, 62, 70, 92),
  ('ply_smk46_04', 'smk46', 'Defender B T46', 'DF', 93, 67, 74, 94),
  ('ply_smk46_05', 'smk46', 'Defender C T46', 'DF', 66, 72, 78, 96),
  ('ply_smk46_06', 'smk46', 'Midfielder A T46', 'MF', 69, 77, 82, 98),
  ('ply_smk46_07', 'smk46', 'Midfielder B T46', 'MF', 72, 82, 86, 70),
  ('ply_smk46_08', 'smk46', 'Midfielder C T46', 'MF', 75, 87, 90, 72),
  ('ply_smk46_09', 'smk46', 'Forward A T46', 'FW', 78, 92, 94, 74),
  ('ply_smk46_10', 'smk46', 'Forward B T46', 'FW', 81, 62, 63, 76),
  ('ply_smk46_11', 'smk46', 'Forward C T46', 'FW', 84, 67, 67, 78),
  ('ply_smk46_12', 'smk46', 'Reserve Keeper T46', 'GK', 87, 72, 71, 80),
  ('ply_smk47_01', 'smk47', 'Keeper T47', 'GK', 85, 89, 65, 89),
  ('ply_smk47_02', 'smk47', 'Captain T47', 'FW', 88, 94, 69, 91),
  ('ply_smk47_03', 'smk47', 'Defender A T47', 'DF', 91, 64, 73, 93),
  ('ply_smk47_04', 'smk47', 'Defender B T47', 'DF', 94, 69, 77, 95),
  ('ply_smk47_05', 'smk47', 'Defender C T47', 'DF', 67, 74, 81, 97),
  ('ply_smk47_06', 'smk47', 'Midfielder A T47', 'MF', 70, 79, 85, 99),
  ('ply_smk47_07', 'smk47', 'Midfielder B T47', 'MF', 73, 84, 89, 71),
  ('ply_smk47_08', 'smk47', 'Midfielder C T47', 'MF', 76, 89, 93, 73),
  ('ply_smk47_09', 'smk47', 'Forward A T47', 'FW', 79, 94, 62, 75),
  ('ply_smk47_10', 'smk47', 'Forward B T47', 'FW', 82, 64, 66, 77),
  ('ply_smk47_11', 'smk47', 'Forward C T47', 'FW', 85, 69, 70, 79),
  ('ply_smk47_12', 'smk47', 'Reserve Keeper T47', 'GK', 88, 74, 74, 81),
  ('ply_smk48_01', 'smk48', 'Keeper T48', 'GK', 86, 91, 68, 90),
  ('ply_smk48_02', 'smk48', 'Captain T48', 'FW', 89, 61, 72, 92),
  ('ply_smk48_03', 'smk48', 'Defender A T48', 'DF', 92, 66, 76, 94),
  ('ply_smk48_04', 'smk48', 'Defender B T48', 'DF', 65, 71, 80, 96),
  ('ply_smk48_05', 'smk48', 'Defender C T48', 'DF', 68, 76, 84, 98),
  ('ply_smk48_06', 'smk48', 'Midfielder A T48', 'MF', 71, 81, 88, 70),
  ('ply_smk48_07', 'smk48', 'Midfielder B T48', 'MF', 74, 86, 92, 72),
  ('ply_smk48_08', 'smk48', 'Midfielder C T48', 'MF', 77, 91, 61, 74),
  ('ply_smk48_09', 'smk48', 'Forward A T48', 'FW', 80, 61, 65, 76),
  ('ply_smk48_10', 'smk48', 'Forward B T48', 'FW', 83, 66, 69, 78),
  ('ply_smk48_11', 'smk48', 'Forward C T48', 'FW', 86, 71, 73, 80),
  ('ply_smk48_12', 'smk48', 'Reserve Keeper T48', 'GK', 89, 76, 77, 82);

INSERT INTO team_history (teamId, titlesJson) VALUES
  ('smk01', '["2006","2022"]'),
  ('smk02', '["2018"]'),
  ('smk03', '[]'),
  ('smk04', '["2010"]'),
  ('smk05', '["1986","1994"]'),
  ('smk06', '[]'),
  ('smk07', '["2010"]'),
  ('smk08', '["1986","1994"]'),
  ('smk09', '[]'),
  ('smk10', '["2010"]'),
  ('smk11', '["1986","1994"]'),
  ('smk12', '[]'),
  ('smk13', '["2010"]'),
  ('smk14', '["1986","1994"]'),
  ('smk15', '[]'),
  ('smk16', '["2010"]'),
  ('smk17', '["1986","1994"]'),
  ('smk18', '[]'),
  ('smk19', '["2010"]'),
  ('smk20', '["1986","1994"]'),
  ('smk21', '[]'),
  ('smk22', '["2010"]'),
  ('smk23', '["1986","1994"]'),
  ('smk24', '[]'),
  ('smk25', '["2010"]'),
  ('smk26', '["1986","1994"]'),
  ('smk27', '[]'),
  ('smk28', '["2010"]'),
  ('smk29', '["1986","1994"]'),
  ('smk30', '[]'),
  ('smk31', '["2010"]'),
  ('smk32', '["1986","1994"]'),
  ('smk33', '[]'),
  ('smk34', '["2010"]'),
  ('smk35', '["1986","1994"]'),
  ('smk36', '[]'),
  ('smk37', '["2010"]'),
  ('smk38', '["1986","1994"]'),
  ('smk39', '[]'),
  ('smk40', '["2010"]'),
  ('smk41', '["1986","1994"]'),
  ('smk42', '[]'),
  ('smk43', '["2010"]'),
  ('smk44', '["1986","1994"]'),
  ('smk45', '[]'),
  ('smk46', '["2010"]'),
  ('smk47', '["1986","1994"]'),
  ('smk48', '[]');

INSERT INTO team_rivals (teamId, rivalTeamId) VALUES
  ('smk01', 'smk02'),
  ('smk01', 'smk03'),
  ('smk02', 'smk03'),
  ('smk02', 'smk04'),
  ('smk03', 'smk04'),
  ('smk03', 'smk05'),
  ('smk04', 'smk05'),
  ('smk04', 'smk06'),
  ('smk05', 'smk06'),
  ('smk05', 'smk07'),
  ('smk06', 'smk07'),
  ('smk06', 'smk08'),
  ('smk07', 'smk08'),
  ('smk07', 'smk09'),
  ('smk08', 'smk09'),
  ('smk08', 'smk10'),
  ('smk09', 'smk10'),
  ('smk09', 'smk11'),
  ('smk10', 'smk11'),
  ('smk10', 'smk12'),
  ('smk11', 'smk12'),
  ('smk11', 'smk13'),
  ('smk12', 'smk13'),
  ('smk12', 'smk14'),
  ('smk13', 'smk14'),
  ('smk13', 'smk15'),
  ('smk14', 'smk15'),
  ('smk14', 'smk16'),
  ('smk15', 'smk16'),
  ('smk15', 'smk17'),
  ('smk16', 'smk17'),
  ('smk16', 'smk18'),
  ('smk17', 'smk18'),
  ('smk17', 'smk19'),
  ('smk18', 'smk19'),
  ('smk18', 'smk20'),
  ('smk19', 'smk20'),
  ('smk19', 'smk21'),
  ('smk20', 'smk21'),
  ('smk20', 'smk22'),
  ('smk21', 'smk22'),
  ('smk21', 'smk23'),
  ('smk22', 'smk23'),
  ('smk22', 'smk24'),
  ('smk23', 'smk24'),
  ('smk23', 'smk25'),
  ('smk24', 'smk25'),
  ('smk24', 'smk26'),
  ('smk25', 'smk26'),
  ('smk25', 'smk27'),
  ('smk26', 'smk27'),
  ('smk26', 'smk28'),
  ('smk27', 'smk28'),
  ('smk27', 'smk29'),
  ('smk28', 'smk29'),
  ('smk28', 'smk30'),
  ('smk29', 'smk30'),
  ('smk29', 'smk31'),
  ('smk30', 'smk31'),
  ('smk30', 'smk32'),
  ('smk31', 'smk32'),
  ('smk31', 'smk33'),
  ('smk32', 'smk33'),
  ('smk32', 'smk34'),
  ('smk33', 'smk34'),
  ('smk33', 'smk35'),
  ('smk34', 'smk35'),
  ('smk34', 'smk36'),
  ('smk35', 'smk36'),
  ('smk35', 'smk37'),
  ('smk36', 'smk37'),
  ('smk36', 'smk38'),
  ('smk37', 'smk38'),
  ('smk37', 'smk39'),
  ('smk38', 'smk39'),
  ('smk38', 'smk40'),
  ('smk39', 'smk40'),
  ('smk39', 'smk41'),
  ('smk40', 'smk41'),
  ('smk40', 'smk42'),
  ('smk41', 'smk42'),
  ('smk41', 'smk43'),
  ('smk42', 'smk43'),
  ('smk42', 'smk44'),
  ('smk43', 'smk44'),
  ('smk43', 'smk45'),
  ('smk44', 'smk45'),
  ('smk44', 'smk46'),
  ('smk45', 'smk46'),
  ('smk45', 'smk47'),
  ('smk46', 'smk47'),
  ('smk46', 'smk48'),
  ('smk47', 'smk48'),
  ('smk47', 'smk01'),
  ('smk48', 'smk01'),
  ('smk48', 'smk02');

COMMIT;
